year,life_expectancy_years,infant_mortality_per_1000,maternal_mortality_per_100k,fertility_rate_births_per_woman,measles_immunization_pct,health_spending_pct_gdp,adult_literacy_pct,primary_enrolment_pct_gross,secondary_enrolment_pct_gross,education_spending_pct_gdp,gdp_per_capita_usd,gdp_per_capita_ppp_usd,gdp_growth_pct,inflation_pct,remittances_received_usd,poverty_headcount_national_pct,gini_index,population_total,urban_population_pct
1960,34.574,157.2,,6.246,,,,,,,,,,,,,,398060.0,9.06718449184662
1961,35.063,156.0,,6.228,,,,,,,,,,,,,,408930.0,8.92614083353027
1962,35.599,154.9,,6.213,,,,,,,,,,1.78761787610517,,,,420163.0,8.83801039069747
1963,36.086,153.8,,6.202,,,,,,,,,,4.61612825298721,,,,431757.0,8.82123739287275
1964,36.579,152.8,,6.195,,,,,,,,,,-4.53565378123679,,,,443687.0,8.97559371363964
1965,37.12,151.8,,6.192,,,,,,,,,,1.21803662168856,,,,455952.0,9.33217246916084
1966,37.559,150.6,,6.183,,,,,,,94.3662144947658,,,0.23908192532822,,,,468516.0,9.86172838079784
1967,38.063,149.3,,6.206,,,,,,,96.9604868849254,,0.0,1.40721895381677,,,,481588.0,10.5368279617028
1968,38.533,148.2,,6.221,,,,,,,83.1064852758912,,9.57614347228663,4.17875343012887,,,,495269.0,11.3300377250278
1969,39.004,147.1,,6.246,,,,,,,88.662202161031,,2.43552288111326,5.01204093884017,,,,509440.0,12.2139241839249
1970,39.532,145.6,,6.257,,,,,,,99.7816919772448,,6.15384657262285,-1.98509387961995,,,,524105.0,13.1610538515464
1971,40.048,144.1,,6.33,,,,21.4209804534912,6.97776985168457,,103.318322288749,,-0.0658770394050947,3.05622578045008,,,,539388.0,14.1439932410444
1972,40.549,142.4,,6.366,,,,21.1306495666504,7.31401014328003,,106.524604282625,,0.241704785011237,8.69811990079435,,,,555370.0,15.1353088655709
1973,41.088,140.6,,6.405,,,,22.7868404388428,7.45120000839233,,131.449182060787,,9.25032925345546,6.91860844589019,,,,571991.0,16.1269540216536
1974,41.676,138.7,,6.415,,,,23.5877895355225,8.53337955474854,,162.618334686551,,5.87879361029783,9.23631035966853,,,,589085.0,17.287158390375
1975,42.192,136.6,,6.428,,,,24.7052898406982,8.43451023101807,,189.808393377344,,12.3934290906923,25.9249999994999,,,,606821.0,18.7110000404511
1976,42.876,134.5,,6.434,,,,26.2349090576172,8.72085952758789,,179.313963291107,,7.35122573247521,17.0273310832519,,,,625667.0,20.3178993884755
1977,43.366,132.5,,6.433,,,,27.2650508880615,9.77758979797363,,213.842543162023,,3.43957605958968,12.3897308301286,,,,645770.0,22.0398278247921
1978,43.573,130.4,,6.421,,,,29.4936008453369,9.86633014678955,,257.581042237291,,6.31644630976179,8.85534591214091,345200.3598,,,667103.0,23.8087567397443
1979,44.517,128.4,,6.411,,,,33.2954406738281,10.1267595291138,,300.258528034397,,-1.32818316164975,6.12895770734282,492476.2845,,,689781.0,25.5566575236759
1980,44.977,126.2,,6.414,69.0,,,37.2815895080566,10.7506198883057,,337.692534389517,,6.27007960556354,6.82461565247797,390921.8907,,,713913.0,27.2155015669304
1981,44.489,123.9,,6.399,70.0,,,45.0447082519531,11.1865301132202,,295.982064548083,,3.32189401064942,5.94422700614445,289367.497,,,739125.0,28.7172602598516
1982,46.25,121.3,,6.396,71.0,,,48.6698417663574,11.811710357666,,282.141307055388,,-0.764582637150042,10.8558454553089,187813.1032,,,765753.0,29.9939049927831
1983,46.892,118.7,,6.393,70.0,,,51.4290199279785,13.391679763794,,268.649299816803,,10.8832277675592,10.6363036761385,701136.1122,,,794525.0,30.9844971504735
1984,47.513,116.0,,6.385,79.0,,,54.5112800598145,14.9694995880127,,214.794357389928,,3.53525730169937,22.0984594145327,,,,825631.0,31.7741376923283
1985,48.151,113.2,1454.0,6.357,75.0,,,56.316478729248,15.8861503601074,4.29514980316162,262.816616745779,,-0.812264660562306,18.319884874273,,,,858874.0,32.4540605630479
1986,48.798,110.3,1401.0,6.344,62.0,,,56.6627311706543,15.2643804550171,3.48473000526428,207.654408714945,,4.09107074099691,56.560172013504,,,,894019.0,33.0504584367687
1987,49.392,107.5,1360.0,6.3,88.0,,,55.4574813842773,14.7030897140503,,236.954802725846,,2.45433259678632,23.5291669556941,,,,931091.0,33.5921287081256
1988,50.146,104.8,1302.0,6.258,80.0,,,53.5487403869629,14.2409601211548,,274.874465999589,,4.47682692076357,11.6905868876763,,,,970160.0,34.1078687717537
1989,50.725,102.1,1258.0,6.254,85.0,,,50.1887016296387,14.646650314331,2.97409009933472,280.929809553919,,5.89572187264736,8.27501608751592,,,,1011357.0,34.6264760222881
1990,51.278,99.5,1207.0,6.246,86.0,,,50.5561599731445,15.0076599121094,2.82583999633789,300.639895740381,1409.3272189486,3.55887936756983,12.1677841130696,,,,1054696.0,35.1767478543638
1991,51.857,96.9,1167.0,6.191,87.0,,,50.9835510253906,15.4440202713013,3.78061008453369,627.578919318827,1440.43973903083,3.10703922385581,8.64234325973438,,,,1099959.0,35.7874816626157
1992,52.477,94.3,1115.0,6.111,83.0,,,50.966251373291,15.7997798919678,1.16983997821808,623.485927783598,1462.38688927487,3.37868879121812,9.48654250617163,,,,1145582.0,36.4874748416791
1993,53.15,91.6,1072.0,6.034,87.0,,,52.1581993103027,18.0642108917236,,635.3611677282,1486.62332140689,3.01210137437499,6.46380422753847,,,,1188365.0,37.3130852637624
1994,53.768,88.9,1039.0,6.035,89.0,,,54.1618499755859,18.2833099365234,,608.2774907808,1472.5548566366,0.154345959845131,1.71020632305637,,,,1227226.0,38.3363887885843
1995,54.292,86.2,999.0,5.994,91.0,,,55.7884216308594,20.5519695281982,2.55356001853943,621.681391269646,1472.19762507905,0.881848240754678,6.98097441830556,,,,1264313.0,39.5666608739251
1996,54.849,83.5,956.0,5.925,94.0,,,58.9246101379395,20.0912609100342,2.56627988815308,651.784945724837,1488.80055397191,2.22354563838627,1.09948870771018,,,,1301410.0,40.9481646518734
1997,55.225,80.9,928.0,5.851,91.0,,,60.6879005432129,,,600.224023405754,1544.21196765822,4.89999910999681,2.78122790023229,,,,1338889.0,42.4301869523111
1998,56.007,78.3,867.0,5.818,90.0,,,61.957088470459,,,610.234711461724,1571.50459237719,3.49999870205306,1.11418841174713,,,48.3,1376987.0,43.96201460512
1999,56.466,75.8,830.0,5.772,90.0,,,71.7938003540039,,1.56512999534607,575.459893151216,1649.27952578781,6.39999905009302,3.8123720536602,,,,1415779.0,45.4929344401818
2000,56.899,73.3,810.0,5.716,89.0,10.78532791,36.8199996948242,70.9850234985352,,1.46587002277374,538.054072348854,1731.3384764555,5.50000021632955,0.8449695667737,,,,1455084.0,46.9722332873784
2001,57.283,70.9,794.0,5.67,89.0,8.29925728,,71.4117431640625,,1.15810000896454,459.803068381399,1822.9796510577,5.80000024323377,4.49259609239754,,,,1495011.0,48.3491979765917
2002,57.736,68.5,772.0,5.656,90.0,6.2326026,,69.3324279785156,,1.44291996955872,376.531026962584,1743.69432511929,-3.25000014970206,8.60912474386327,,,,1535691.0,49.5731153377033
2003,58.223,66.1,749.0,5.656,90.0,5.29709053,,72.404167175293,,1.36337995529175,308.719123437587,1849.78337005418,6.86999962173842,17.0328665431988,54069839.2743908,,47.3,1577611.0,50.6010077995371
2004,58.749,63.8,719.0,5.683,92.0,5.42000151,,73.5793991088867,,0.622470021247864,593.285346326581,1978.63262689984,7.05000000064635,14.2067432845569,60748749.1709703,,,1621312.0,51.5062022597801
2005,59.11,61.5,707.0,5.708,91.0,5.386024,,72.1908874511719,,0.691879987716675,616.483657865348,1938.02362742194,-2.35172936176019,4.83862177543157,59304087.5437293,,,1667037.0,52.3582132660613
2006,59.667,59.4,682.0,5.736,89.0,5.43720818,,71.4759674072266,,0.751630008220673,614.544307904464,1930.81888537674,-0.555580977246521,2.0565034236599,63773517.3418823,,,1715275.0,53.1603285370566
2007,60.001,57.3,675.0,5.685,88.0,4.95501947,,73.9508819580078,,0.816860020160675,724.726407242432,1985.040252425,3.04324950829739,5.36913473801957,55662540.3698082,,,1765774.0,53.9196109423854
2008,60.473,55.3,653.0,5.625,92.0,4.65938759,,73.5566177368164,45.2912902832031,2.18129992485046,859.127671411226,2088.27166129033,6.25590553394287,4.4436549094501,64811558.9717228,,,1817852.0,54.6431233516671
2009,60.735,53.4,634.0,5.574,96.0,4.46430635,,73.4096527099609,46.214469909668,1.90813994407654,774.888030908091,2177.05344695607,6.6657243078367,4.56150687670983,79801153.1264915,,,1871422.0,55.3379286345209
2010,61.167,51.5,632.0,5.558,92.0,4.11944056,,73.4599827384096,45.5351409912109,2.56322002410889,801.033372714536,2266.82898238442,5.90833580968288,5.04968075857402,115699060.997021,48.1,43.6,1926630.0,56.0110896605662
2011,61.561,49.8,634.0,5.542,91.0,4.36967373,,72.1906633471926,,2.50116991996765,710.608411468152,2064.253852883,-8.13044422315659,4.7958826618311,91358953.7745976,,,1983784.0,56.6696692994225
2012,61.9,48.1,628.0,5.519,95.0,4.26872253,,75.4592652374635,,2.63756990432739,692.579361628102,2064.81438121612,5.24156924630741,4.25432199813899,106349453.092419,,,2043094.0,57.3207304207091
2013,62.252,46.5,606.0,5.392,96.0,3.91374874,,77.5318910077468,,1.81839001178741,653.862713272743,2006.74081646788,2.872768790327,5.69912989637382,109829221.954619,,,2103820.0,57.970305611505
2014,62.576,45.0,561.0,5.197,96.0,3.05234575,,80.6712752410406,,2.23094010353088,568.00453558864,1933.70329718446,-1.40738249510954,5.94799935696626,137771209.405021,,,2164528.0,58.6141799655551
2015,62.971,43.5,527.0,5.003,97.0,3.1761291,50.7799987792969,83.6767800021667,,2.16002988815308,619.536364296461,1990.31625750973,4.0580738039996,6.8084549457961,154062367.652957,48.6,35.9,2224529.0,59.2458499408388
2016,63.386,42.1,490.0,4.809,97.0,3.19523716,,85.4968152866242,,2.0244300365448,650.056501323611,2012.67648180251,1.94335965478776,7.22879272057922,145678794.701272,,,2283769.0,59.8652472486563
2017,63.708,40.7,469.0,4.614,90.0,3.35449266,,88.6915742090233,,2.45919445096525,642.522641296331,2038.95429850128,4.8226112492757,8.03418974545911,160167345.280047,,,2342189.0,60.471712657237
2018,64.034,39.4,450.0,4.42,91.0,3.18501234,53.1599998474121,91.4803276676529,,2.36543989181519,696.219806960615,2277.44236224191,7.23489033258579,6.52096823946573,212034736.09746,,,2399632.0,61.0645869348107
2019,64.427,38.2,422.0,4.33,85.0,3.14534926,,95.0965771907399,,2.80809703332656,738.186751987483,2421.72318070615,6.22205315994859,7.11567625631192,275825107.455024,,,2456844.0,61.643210849607
2020,64.418,37.0,400.0,4.248,82.0,4.01436949,,96.8827026600674,,2.88734569797808,720.335143352133,2530.80414937307,0.591487287873974,5.93127636562441,416418880.667872,53.4,38.8,2515733.0,62.2069251698555
2021,63.847,35.9,420.0,4.165,79.0,3.74321485,51.6399993896484,96.3235417651704,107.027125590442,3.04477694635226,781.890925169531,2777.79620978324,5.25596878816744,7.37034758876618,547051423.801967,,,2576010.0,62.7550706637859
2022,64.859,34.7,365.0,4.078,74.0,3.53697729,,97.2781723362608,,2.89168744551701,836.244875868476,3067.31040374628,5.49299823010114,11.5131198380505,501844380.374608,,,2636470.0,63.2869880996278
2023,65.86,33.7,354.0,4.006,80.0,2.89250112,,98.7359670428779,,2.80838156544977,883.024111719809,3289.13283057107,5.9167957146697,16.9742129632327,514905280.337869,,,2697845.0,63.8020182456108
2024,66.057,32.7,,3.907,83.0,,,98.6058833319274,,,871.340291776294,3475.61245701341,5.55126069510321,11.5610532897511,529052514.703634,,,2759988.0,64.2994103409645
2025,,,,,,,,100.429016187878,,,,,,,,,,,
